Algorithm Name,X,Y,Z,Frequency,Amplitude,Phase,Fx,Fy,Fz,ZFP Rate,SVD K,FFT Ratio,Mean Compress Time,Mean Decompress Time,Mean MSE,Original Size,Mean Compressed Size,Max Error,Max Error Original Value,Max Error Decompressed Value
ZFP,11,7,7,1,0.1,0,0.1,0.1,0.1,1,,,1.018e-05,7.2e-06,0.000264391476961741,4312,140,0.0774019860061435,0.0891207360061435,0.01171875
ZFP,11,7,7,1,0.1,0,0.1,0.1,0.1,2,,,2.382e-05,7.68e-06,7.29401267212275e-05,4312,236,0.0422727777872517,0.0783326909627483,0.12060546875
ZFP,11,7,7,1,0.1,0,0.1,0.1,0.1,3,,,1.454e-05,1.102e-05,2.88949941250944e-05,4312,332,0.0480159747917193,0.0963558185417193,0.04833984375
ZFP,11,7,7,1,0.1,0,0.1,0.1,0.1,4,,,1.43e-05,1.204e-05,7.55834560444154e-06,4312,428,0.0123807288376065,0.0891207360061435,0.10150146484375
ZFP,11,7,7,1,0.1,0,0.1,0.1,0.1,5,,,1.668e-05,1.162e-05,2.40113851573312e-06,4312,524,0.00993003729171932,0.0963558185417193,0.08642578125
ZFP,11,7,7,1,0.1,0,0.1,0.1,0.1,6,,,1.554e-05,1.23e-05,5.62765775207867e-07,4312,620,0.00384101983718693,0.0963558185417193,0.100196838378906
ZFP,11,7,7,1,0.1,0,0.1,0.1,0.1,7,,,1.82e-05,1.042e-05,1.62812082386466e-07,4312,716,0.00255241278000057,0.0963558185417193,0.0938034057617188
ZFP,11,7,7,1,0.1,0,0.1,0.1,0.1,8,,,1.332e-05,9.8e-06,3.75193922187423e-08,4312,812,0.00141296502761662,0.0963558185417193,0.0977687835693359
ZFP,11,7,7,1,0.1,0,0.1,0.1,0.1,9,,,1.432e-05,1.186e-05,9.27414639437099e-09,4312,908,0.000430487425996662,0.0963558185417193,0.0959253311157227
ZFP,11,7,7,1,0.1,0,0.1,0.1,0.1,10,,,1.25e-05,8.58e-06,2.37084788842434e-09,4312,1004,0.000219918457792401,0.0963558185417193,0.0965757369995117
ZFP,11,7,7,1,0.1,0,0.1,0.1,0.1,11,,,1.256e-05,8.24e-06,6.16059099266e-10,4312,1100,0.000169895919038654,0.0963558185417193,0.0961859226226807
ZFP,11,7,7,1,0.1,0,0.1,0.1,0.1,12,,,1.374e-05,8.24e-06,1.596478934108e-10,4312,1196,5.88791091692097e-05,0.0198669330795061,0.0198080539703369
ZFP,11,7,7,1,0.1,0,0.1,0.1,0.1,13,,,1.51e-05,9.42e-06,4.01270406904308e-11,4312,1292,3.2268794252277e-05,0.0963558185417193,0.096323549747467
ZFP,11,7,7,1,0.1,0,0.1,0.1,0.1,14,,,1.432e-05,9.32e-06,8.85967183396487e-12,4312,1388,1.44736488115436e-05,0.0198669330795061,0.0198524594306946
ZFP,11,7,7,1,0.1,0,0.1,0.1,0.1,15,,,1.44e-05,1.068e-05,2.49310275351183e-12,4312,1484,8.81436653316081e-06,0.0963558185417193,0.0963470041751862
ZFP,11,7,7,1,0.1,0,0.1,0.1,0.1,16,,,2.266e-05,1.602e-05,5.6899402002122e-13,4312,1580,3.40813283436492e-06,0.0644217687237691,0.0644183605909348
ZFP,11,7,7,1,0.1,0,0.1,0.1,0.1,17,,,2.184e-05,1.428e-05,1.55902972052668e-13,4312,1676,2.03433818996013e-06,0.0963558185417193,0.0963537842035294
ZFP,11,7,7,1,0.1,0,0.1,0.1,0.1,18,,,2.442e-05,1.602e-05,3.40816575276676e-14,4312,1772,8.30410049557084e-07,0.0963558185417193,0.0963566489517689
ZFP,11,7,7,1,0.1,0,0.1,0.1,0.1,19,,,3.064e-05,1.294e-05,9.59493914471615e-15,4312,1868,6.30835070014601e-07,0.0963558185417193,0.0963551877066493
ZFP,11,7,7,1,0.1,0,0.1,0.1,0.1,20,,,2.59e-05,1.664e-05,2.44384902780054e-15,4312,1964,2.38554553388948e-07,0.0963558185417193,0.0963560570962727
ZFP,11,7,7,1,0.1,0,0.1,0.1,0.1,21,,,2.35e-05,1.572e-05,6.43733472582606e-16,4312,2060,1.25825403929358e-07,0.0963558185417193,0.0963556927163154
ZFP,11,7,7,1,0.1,0,0.1,0.1,0.1,22,,,1.726e-05,1.214e-05,1.45713037168037e-16,4312,2156,7.06836593145077e-08,0.0963558185417193,0.0963558892253786
ZFP,11,7,7,1,0.1,0,0.1,0.1,0.1,23,,,2.332e-05,1.752e-05,3.27343205558356e-17,4312,2252,2.48351122444923e-08,0.0963558185417193,0.0963557937066071
ZFP,11,7,7,1,0.1,0,0.1,0.1,0.1,24,,,3.402e-05,1.944e-05,9.44106160341425e-18,4312,2348,1.94316179952247e-08,0.0891207360061435,0.0891207554377615
ZFP,11,7,7,1,0.1,0,0.1,0.1,0.1,25,,,1.78e-05,1.376e-05,2.34617153830844e-18,4312,2444,1.27279187744911e-08,0.0963558185417193,0.0963558058138005
ZFP,11,7,7,1,0.1,0,0.1,0.1,0.1,26,,,1.994e-05,1.544e-05,5.69619660006588e-19,4312,2540,5.02522191914156e-09,0.0891207360061435,0.0891207410313655
ZFP,11,7,7,1,0.1,0,0.1,0.1,0.1,27,,,1.828e-05,1.462e-05,1.35265906014769e-19,4312,2636,1.74623322746204e-09,0.0717356090899523,0.0717356108361855
ZFP,11,7,7,1,0.1,0,0.1,0.1,0.1,28,,,1.88e-05,1.418e-05,3.75775910172367e-20,4312,2732,1.32013638909356e-09,0.0963558185417193,0.0963558198618557
ZFP,11,7,7,1,0.1,0,0.1,0.1,0.1,29,,,1.822e-05,1.374e-05,7.95927408557494e-21,4312,2828,4.16088996590958e-10,0.0963558185417193,0.0963558181256303
ZFP,11,7,7,1,0.1,0,0.1,0.1,0.1,30,,,2.064e-05,1.746e-05,2.55410464692256e-21,4312,2924,2.8649566052863e-10,0.0963558185417193,0.096355818828215
ZFP,11,7,7,1,0.1,0,0.1,0.1,0.1,31,,,2.002e-05,1.496e-05,5.74041680313776e-22,4312,3020,9.71518837600271e-11,0.0644217687237691,0.064421768820921
ZFP,11,7,7,1,0.1,0,0.1,0.1,0.1,32,,,2.308e-05,1.834e-05,1.39334985041186e-22,4312,3116,5.85535508967894e-11,0.0963558185417193,0.0963558186002729
ZFP,11,7,7,1,0.1,0,0.1,0.1,0.1,33,,,2.052e-05,1.66e-05,3.59530292915359e-23,4312,3212,2.40399367079647e-11,0.0963558185417193,0.0963558185176794
ZFP,11,7,7,1,0.1,0,0.1,0.1,0.1,34,,,2.106e-05,1.626e-05,8.38932643339525e-24,4312,3308,1.1475889682977e-11,0.0644217687237691,0.0644217687122932
ZFP,11,7,7,1,0.1,0,0.1,0.1,0.1,35,,,2.296e-05,1.678e-05,2.34638985799437e-24,4312,3404,1.25007226792206e-11,0.0963558185417193,0.0963558185292186
ZFP,11,7,7,1,0.1,0,0.1,0.1,0.1,36,,,2.026e-05,1.772e-05,5.11412773894689e-25,4312,3500,2.79661016566735e-12,0.0479425538604203,0.0479425538576237
ZFP,11,7,7,1,0.1,0,0.1,0.1,0.1,37,,,2.082e-05,1.666e-05,1.4159441225163e-25,4312,3596,2.08771888665638e-12,0.0963558185417193,0.0963558185396316
ZFP,11,7,7,1,0.1,0,0.1,0.1,0.1,38,,,2.218e-05,1.672e-05,3.56526908415544e-26,4312,3692,1.18610676835829e-12,0.0963558185417193,0.0963558185429054
ZFP,11,7,7,1,0.1,0,0.1,0.1,0.1,39,,,2.178e-05,1.748e-05,8.7374492383536e-27,4312,3788,4.39009939512403e-13,0.0644217687237691,0.0644217687242081
ZFP,11,7,7,1,0.1,0,0.1,0.1,0.1,40,,,2.168e-05,1.76e-05,2.38664372757471e-27,4312,3884,2.54851695302705e-13,0.0963558185417193,0.0963558185419742
ZFP,11,7,7,1,0.1,0,0.1,0.1,0.1,41,,,2.264e-05,1.786e-05,5.43310594019865e-28,4312,3980,9.0649709960644e-14,0.0963558185417193,0.0963558185416287
ZFP,11,7,7,1,0.1,0,0.1,0.1,0.1,42,,,2.286e-05,1.858e-05,1.32878849395505e-28,4312,4076,5.52335954751015e-14,0.0963558185417193,0.0963558185417746
ZFP,11,7,7,1,0.1,0,0.1,0.1,0.1,43,,,2.33e-05,1.814e-05,3.2123971568827e-29,4312,4172,2.21211937656562e-14,0.0644217687237691,0.064421768723747
ZFP,11,7,7,1,0.1,0,0.1,0.1,0.1,44,,,2.928e-05,2.31e-05,8.0956104323775e-30,4312,4268,1.39749323224692e-14,0.0891207360061435,0.0891207360061575
SVD,11,7,7,1,0.1,0,0.1,0.1,0.1,,1,,0.0008741,0.00010574,5.93042134921678e-05,4312,712,0.0257113673624059,0,0.0257113673624059
SVD,11,7,7,1,0.1,0,0.1,0.1,0.1,,2,,0.00081838,0.0001356,1.0457728134945e-33,4312,1392,2.28983498828939e-16,0,2.28983498828939e-16
SVD,11,7,7,1,0.1,0,0.1,0.1,0.1,,3,,0.00082342,0.00015712,1.15991069262788e-33,4312,2072,3.60822483003176e-16,0.0479425538604203,0.0479425538604207
SVD,11,7,7,1,0.1,0,0.1,0.1,0.1,,4,,0.0008956,0.00018984,1.197739076991e-33,4312,2752,3.60822483003176e-16,0.0479425538604203,0.0479425538604207
SVD,11,7,7,1,0.1,0,0.1,0.1,0.1,,5,,0.00110712,0.00027848,1.22326198155794e-33,4312,3432,3.60822483003176e-16,0.0479425538604203,0.0479425538604207
SVD,11,7,7,1,0.1,0,0.1,0.1,0.1,,6,,0.00134074,0.00034934,1.22499096262183e-33,4312,4112,3.60822483003176e-16,0.0479425538604203,0.0479425538604207
ZFP,11,7,7,1,0.1,0,0.1,0.1,0.4,1,,,7.86e-06,4.74e-06,0.00198367033041444,4312,140,0.170269860304151,0.0999573603041505,-0.0703125
ZFP,11,7,7,1,0.1,0,0.1,0.1,0.4,2,,,1.076e-05,6.94e-06,0.000645057106158169,4312,236,0.121732664094272,-0.0611857890942719,0.060546875
ZFP,11,7,7,1,0.1,0,0.1,0.1,0.4,3,,,1.006e-05,6.66e-06,0.000188298112195805,4312,332,0.0507015216667193,0.0963558185417193,0.045654296875
ZFP,11,7,7,1,0.1,0,0.1,0.1,0.4,4,,,1.104e-05,7.6e-06,7.54145561206018e-05,4312,428,0.0559357022268249,-0.0157745694143249,0.0401611328125
ZFP,11,7,7,1,0.1,0,0.1,0.1,0.4,5,,,1.212e-05,7.38e-06,1.80192669650836e-05,4312,524,0.0167392806735031,0.0991664810452469,0.11590576171875
ZFP,11,7,7,1,0.1,0,0.1,0.1,0.4,6,,,9.86e-06,6.86e-06,5.700152208535e-06,4312,620,0.0135162686330749,-0.0157745694143249,-0.00225830078125
ZFP,11,7,7,1,0.1,0,0.1,0.1,0.4,7,,,8.14e-06,8.06e-06,1.41572112354667e-06,4312,716,0.00734249601536264,-0.0157745694143249,-0.0231170654296875
ZFP,11,7,7,1,0.1,0,0.1,0.1,0.4,8,,,9.14e-06,6.74e-06,4.18612499958409e-07,4312,812,0.00406344880885611,-0.0157745694143249,-0.0117111206054688
ZFP,11,7,7,1,0.1,0,0.1,0.1,0.4,9,,,9.38e-06,6.9e-06,1.11755244079606e-07,4312,908,0.00214687833958139,-0.0157745694143249,-0.0179214477539062
ZFP,11,7,7,1,0.1,0,0.1,0.1,0.4,10,,,9.28e-06,6.06e-06,3.06850284669935e-08,4312,1004,0.0013454770070983,-0.0157745694143249,-0.0144290924072266
ZFP,11,7,7,1,0.1,0,0.1,0.1,0.4,11,,,1.116e-05,8.36e-06,5.52658685137759e-09,4312,1100,0.000461214389117198,0.0932039085967226,0.0936651229858398
ZFP,11,7,7,1,0.1,0,0.1,0.1,0.4,12,,,1.108e-05,7e-06,1.65836837033083e-09,4312,1196,0.000333628557391271,-0.0157745694143249,-0.0154409408569336
ZFP,11,7,7,1,0.1,0,0.1,0.1,0.4,13,,,1.142e-05,7.54e-06,4.232862410511e-10,4312,1292,0.000134863950543299,-0.0157745694143249,-0.0159094333648682
ZFP,11,7,7,1,0.1,0,0.1,0.1,0.4,14,,,1.13e-05,7.74e-06,9.50049202456027e-11,4312,1388,5.06257039977163e-05,-0.0157745694143249,-0.0157239437103271
ZFP,11,7,7,1,0.1,0,0.1,0.1,0.4,15,,,1.258e-05,8.78e-06,2.36977624729591e-11,4312,1484,2.88272874878794e-05,-0.0157745694143249,-0.0158033967018127
ZFP,11,7,7,1,0.1,0,0.1,0.1,0.4,16,,,1.21e-05,9.06e-06,6.19342507662466e-12,4312,1580,1.60550100279898e-05,-0.0157745694143249,-0.0157585144042969
ZFP,11,7,7,1,0.1,0,0.1,0.1,0.4,17,,,1.272e-05,9.6e-06,1.57675461423158e-12,4312,1676,7.45902233590182e-06,-0.0157745694143249,-0.0157820284366608
ZFP,11,7,7,1,0.1,0,0.1,0.1,0.4,18,,,1.232e-05,9.44e-06,3.96991364544412e-13,4312,1772,4.08937758933012e-06,-0.0157745694143249,-0.0157704800367355
ZFP,11,7,7,1,0.1,0,0.1,0.1,0.4,19,,,1.296e-05,9.86e-06,1.03666553535324e-13,4312,1868,2.37027578820284e-06,-0.0157745694143249,-0.0157769396901131
ZFP,11,7,7,1,0.1,0,0.1,0.1,0.4,20,,,1.648e-05,1.066e-05,2.71589714041707e-14,4312,1964,9.48957867726724e-07,-0.0157745694143249,-0.0157736204564571
ZFP,11,7,7,1,0.1,0,0.1,0.1,0.4,21,,,1.44e-05,1.128e-05,5.7347537370934e-15,4312,2060,3.66069607630332e-07,-0.0157745694143249,-0.0157749354839325
ZFP,11,7,7,1,0.1,0,0.1,0.1,0.4,22,,,1.408e-05,1.074e-05,1.59081707500146e-15,4312,2156,2.57916517362039e-07,-0.0157745694143249,-0.0157743114978075
ZFP,11,7,7,1,0.1,0,0.1,0.1,0.4,23,,,1.47e-05,1.148e-05,4.32746619798189e-16,4312,2252,1.18825270511991e-07,0.0598472144103956,0.0598473332356662
ZFP,11,7,7,1,0.1,0,0.1,0.1,0.4,24,,,2.33e-05,1.728e-05,8.60896709525875e-17,4312,2348,5.09300751537489e-08,-0.0157745694143249,-0.0157745184842497
ZFP,11,7,7,1,0.1,0,0.1,0.1,0.4,25,,,2.414e-05,1.968e-05,2.740410318208e-17,4312,2444,4.14454827159239e-08,-0.0157745694143249,-0.0157746108598076
ZFP,11,7,7,1,0.1,0,0.1,0.1,0.4,26,,,1.722e-05,2.118e-05,5.73231805866471e-18,4312,2540,1.11451389193939e-08,-0.0157745694143249,-0.0157745582691859
ZFP,11,7,7,1,0.1,0,0.1,0.1,0.4,27,,,1.654e-05,1.272e-05,1.49938057974498e-18,4312,2636,6.56029694456883e-09,0.0991664810452469,0.0991664876055438
ZFP,11,7,7,1,0.1,0,0.1,0.1,0.4,28,,,1.752e-05,1.37e-05,3.87086001057474e-19,4312,2732,4.61860493947142e-09,-0.0157745694143249,-0.0157745647957199
ZFP,11,7,7,1,0.1,0,0.1,0.1,0.4,29,,,1.75e-05,1.398e-05,8.21667079847768e-20,4312,2828,1.35131828296609e-09,-0.0157745694143249,-0.0157745707656431
ZFP,11,7,7,1,0.1,0,0.1,0.1,0.4,30,,,1.918e-05,1.708e-05,2.46100697519478e-20,4312,2924,1.05884267673217e-09,-0.0157745694143249,-0.0157745683554822
ZFP,11,7,7,1,0.1,0,0.1,0.1,0.4,31,,,1.836e-05,2.108e-05,6.12303068466964e-21,4312,3020,3.69064005051323e-10,-0.0157745694143249,-0.0157745697833889
ZFP,11,7,7,1,0.1,0,0.1,0.1,0.4,32,,,1.798e-05,1.462e-05,1.57870247966461e-21,4312,3116,2.43025929241858e-10,-0.0157745694143249,-0.0157745691712989
ZFP,11,7,7,1,0.1,0,0.1,0.1,0.4,33,,,1.97e-05,1.508e-05,3.65851464743305e-22,4312,3212,1.10053688384681e-10,0.0963558185417193,0.096355818651773
ZFP,11,7,7,1,0.1,0,0.1,0.1,0.4,34,,,1.88e-05,1.512e-05,9.91406973013983e-23,4312,3308,6.06722415363858e-11,-0.0157745694143249,-0.0157745693536526
ZFP,11,7,7,1,0.1,0,0.1,0.1,0.4,35,,,2.042e-05,1.612e-05,2.10794171695257e-23,4312,3404,2.25465236758371e-11,-0.0157745694143249,-0.0157745694368714
ZFP,11,7,7,1,0.1,0,0.1,0.1,0.4,36,,,2.05e-05,1.668e-05,6.11018576096214e-24,4312,3500,1.59933143117907e-11,-0.0157745694143249,-0.0157745693983316
ZFP,11,7,7,1,0.1,0,0.1,0.1,0.4,37,,,2.166e-05,1.704e-05,1.49754353411567e-24,4312,3596,9.30200708126883e-12,-0.0157745694143249,-0.0157745694236269
ZFP,11,7,7,1,0.1,0,0.1,0.1,0.4,38,,,2.098e-05,1.81e-05,3.79959362041153e-25,4312,3692,3.35602379220035e-12,0.0963558185417193,0.0963558185383633
ZFP,11,7,7,1,0.1,0,0.1,0.1,0.4,39,,,2.176e-05,1.7e-05,8.4532973765889e-26,4312,3788,1.94433705247299e-12,-0.0157745694143249,-0.0157745694162692
ZFP,11,7,7,1,0.1,0,0.1,0.1,0.4,40,,,2.122e-05,1.774e-05,2.2878796297405e-26,4312,3884,1.09500949974084e-12,-0.0157745694143249,-0.0157745694132299
ZFP,11,7,7,1,0.1,0,0.1,0.1,0.4,41,,,2.182e-05,1.828e-05,4.84876853889722e-27,4312,3980,3.15553139174085e-13,0.0991664810452469,0.0991664810449313
ZFP,11,7,7,1,0.1,0,0.1,0.1,0.4,42,,,2.104e-05,1.802e-05,1.43227672465772e-27,4312,4076,2.60121785222722e-13,-0.0157745694143249,-0.0157745694140647
ZFP,11,7,7,1,0.1,0,0.1,0.1,0.4,43,,,2.228e-05,1.826e-05,3.02699032366637e-28,4312,4172,9.76996261670138e-14,-0.061185789094272,-0.0611857890941743
ZFP,11,7,7,1,0.1,0,0.1,0.1,0.4,44,,,2.748e-05,2.004e-05,8.68716414110377e-29,4312,4268,7.29381832709208e-14,-0.0157745694143249,-0.0157745694142519
SVD,11,7,7,1,0.1,0,0.1,0.1,0.4,,1,,0.00106514,0.0001416,0.000573389742352621,4312,712,0.0729103713817655,-0.0756802495307928,-0.00276987814902729
SVD,11,7,7,1,0.1,0,0.1,0.1,0.4,,2,,0.00128318,0.00020506,3.03810758962611e-33,4312,1392,2.22044604925031e-16,0.0717356090899523,0.0717356090899525
SVD,11,7,7,1,0.1,0,0.1,0.1,0.4,,3,,0.00081034,0.0001572,3.13454366316914e-33,4312,2072,3.60822483003176e-16,0.0999573603041505,0.0999573603041509
SVD,11,7,7,1,0.1,0,0.1,0.1,0.4,,4,,0.00117106,0.0002447,3.14748517989887e-33,4312,2752,3.46944695195361e-16,0.0999573603041505,0.0999573603041509
SVD,11,7,7,1,0.1,0,0.1,0.1,0.4,,5,,0.00112634,0.00027014,3.15955215790823e-33,4312,3432,3.46944695195361e-16,0.0999573603041505,0.0999573603041509
SVD,11,7,7,1,0.1,0,0.1,0.1,0.4,,6,,0.00089256,0.00026126,3.20560071828945e-33,4312,4112,3.46944695195361e-16,0.0999573603041505,0.0999573603041509
ZFP,11,7,7,1,0.1,0,0.1,0.1,0.7,1,,,4.9e-06,3.7e-06,0.00669662428731821,4312,140,0.342144860304151,0.0999573603041505,-0.2421875
ZFP,11,7,7,1,0.1,0,0.1,0.1,0.7,2,,,5.88e-06,3.98e-06,0.00153667523360827,4312,236,0.140702927231038,-0.035078322768962,-0.17578125
ZFP,11,7,7,1,0.1,0,0.1,0.1,0.7,3,,,5.96e-06,3.54e-06,0.00041327745618971,4312,332,0.074990265381959,0.080849640381959,0.005859375
ZFP,11,7,7,1,0.1,0,0.1,0.1,0.7,4,,,6.78e-06,4.18e-06,0.000151673432384338,4312,428,0.0482014612127678,-0.0631266637872322,-0.111328125
ZFP,11,7,7,1,0.1,0,0.1,0.1,0.7,5,,,7.38e-06,4.62e-06,4.79475370591074e-05,4312,524,0.0389241174627678,-0.0631266637872322,-0.10205078125
ZFP,11,7,7,1,0.1,0,0.1,0.1,0.7,6,,,7.66e-06,5.06e-06,1.47446128101331e-05,4312,620,0.0164622664601126,0.0863209366648874,0.102783203125
ZFP,11,7,7,1,0.1,0,0.1,0.1,0.7,7,,,8.3e-06,5.56e-06,3.36954859008709e-06,4312,716,0.00712181278504771,0.0717356090899523,0.078857421875
ZFP,11,7,7,1,0.1,0,0.1,0.1,0.7,8,,,1.016e-05,6.82e-06,9.87061839603739e-07,4312,812,0.00394563137660175,-0.0925814682327732,-0.096527099609375
ZFP,11,7,7,1,0.1,0,0.1,0.1,0.7,9,,,9.1e-06,6.18e-06,2.32910361375529e-07,4312,908,0.00250744240313355,0.0946300087687414,0.097137451171875
ZFP,11,7,7,1,0.1,0,0.1,0.1,0.7,10,,,9.2e-06,5.88e-06,7.17606175517261e-08,4312,1004,0.00116055956615599,-0.0883454655720154,-0.0871849060058594
ZFP,11,7,7,1,0.1,0,0.1,0.1,0.7,11,,,9.54e-06,6.5e-06,1.63661403289703e-08,4312,1100,0.000620775515874195,0.0997494986604054,0.0991287231445312
ZFP,11,7,7,1,0.1,0,0.1,0.1,0.7,12,,,1.092e-05,7.08e-06,3.99635048381006e-09,4312,1196,0.000301301494292305,0.0863209366648874,0.0866222381591797
ZFP,11,7,7,1,0.1,0,0.1,0.1,0.7,13,,,1.03e-05,7.1e-06,9.51443464823515e-10,4312,1292,0.000130243008295727,0.0997494986604054,0.0998797416687012
ZFP,11,7,7,1,0.1,0,0.1,0.1,0.7,14,,,1.074e-05,7.64e-06,2.58916841104927e-10,4312,1388,6.69892616277923e-05,-0.0756802495307928,-0.075613260269165
ZFP,11,7,7,1,0.1,0,0.1,0.1,0.7,15,,,1.1e-05,7.86e-06,5.98706644705274e-11,4312,1484,3.07698602789591e-05,0.0239249329213983,0.0239557027816772
ZFP,11,7,7,1,0.1,0,0.1,0.1,0.7,16,,,1.144e-05,8.16e-06,1.56246811919078e-11,4312,1580,1.71800012701701e-05,0.0239249329213983,0.0239421129226685
ZFP,11,7,7,1,0.1,0,0.1,0.1,0.7,17,,,1.184e-05,9.06e-06,3.26994575568947e-12,4312,1676,7.73368770690119e-06,0.0863209366648874,0.0863132029771805
ZFP,11,7,7,1,0.1,0,0.1,0.1,0.7,18,,,1.246e-05,9.14e-06,8.8788579837728e-13,4312,1772,3.71040408997381e-06,0.0863209366648874,0.0863246470689774
ZFP,11,7,7,1,0.1,0,0.1,0.1,0.7,19,,,1.338e-05,9.58e-06,2.31528028052317e-13,4312,1868,1.97390922705709e-06,0.074570521217672,0.074568547308445
ZFP,11,7,7,1,0.1,0,0.1,0.1,0.7,20,,,1.338e-05,1.028e-05,5.59844139764462e-14,4312,1964,9.03408305372166e-07,-0.0982452612624333,-0.0982443578541279
ZFP,11,7,7,1,0.1,0,0.1,0.1,0.7,21,,,1.384e-05,1.124e-05,1.56331363369853e-14,4312,2060,5.91279997103067e-07,-0.0631266637872322,-0.0631272550672293
ZFP,11,7,7,1,0.1,0,0.1,0.1,0.7,22,,,1.386e-05,1.09e-05,3.44135943096696e-15,4312,2156,2.67784210042366e-07,0.074570521217672,0.0745707890018821
ZFP,11,7,7,1,0.1,0,0.1,0.1,0.7,23,,,1.444e-05,1.082e-05,8.27098691612334e-16,4312,2252,1.60498049794899e-07,0.080849640381959,0.0808494798839092
ZFP,11,7,7,1,0.1,0,0.1,0.1,0.7,24,,,1.466e-05,1.124e-05,2.43448997138713e-16,4312,2348,6.97258626955813e-08,0.00415806624332909,0.00415813596919179
ZFP,11,7,7,1,0.1,0,0.1,0.1,0.7,25,,,1.53e-05,1.198e-05,5.63426944634772e-17,4312,2444,3.51574305917923e-08,0.0717356090899523,0.0717356442473829
ZFP,11,7,7,1,0.1,0,0.1,0.1,0.7,26,,,1.522e-05,1.22e-05,1.6080103387154e-17,4312,2540,2.08071723462044e-08,-0.0951602073889516,-0.0951601865817793
ZFP,11,7,7,1,0.1,0,0.1,0.1,0.7,27,,,1.718e-05,1.212e-05,3.96771910623291e-18,4312,2636,9.78862778333589e-09,0.0891207360061435,0.0891207262175158
ZFP,11,7,7,1,0.1,0,0.1,0.1,0.7,28,,,1.628e-05,1.354e-05,9.24045986787795e-19,4312,2732,3.99490152069859e-09,0.0863209366648874,0.0863209406597889
ZFP,11,7,7,1,0.1,0,0.1,0.1,0.7,29,,,1.704e-05,1.32e-05,2.31903629513209e-19,4312,2828,1.81338385973895e-09,0.0909297426825682,0.090929744495952
ZFP,11,7,7,1,0.1,0,0.1,0.1,0.7,30,,,1.73e-05,1.352e-05,5.68859117545262e-20,4312,2924,1.06033683222595e-09,0.074570521217672,0.0745705222780089
ZFP,11,7,7,1,0.1,0,0.1,0.1,0.7,31,,,1.774e-05,1.418e-05,1.58207777343098e-20,4312,3020,5.82324050091287e-10,-0.0951602073889516,-0.0951602079712757
ZFP,11,7,7,1,0.1,0,0.1,0.1,0.7,32,,,1.92e-05,1.492e-05,3.11689914198317e-21,4312,3116,3.12103801136665e-10,0.0239249329213983,0.0239249332335021
ZFP,11,7,7,1,0.1,0,0.1,0.1,0.7,33,,,1.84e-05,1.468e-05,9.3422881037178e-22,4312,3212,1.86848703176423e-10,0.0997494986604054,0.0997494984735567
ZFP,11,7,7,1,0.1,0,0.1,0.1,0.7,34,,,1.89e-05,1.592e-05,1.92212852752533e-22,4312,3308,6.14506223683975e-11,0.0863209366648874,0.086320936726338
ZFP,11,7,7,1,0.1,0,0.1,0.1,0.7,35,,,2.062e-05,2.238e-05,5.30282063407565e-23,4312,3404,3.02052410861009e-11,0.042737988023383,0.0427379879931777
ZFP,11,7,7,1,0.1,0,0.1,0.1,0.7,36,,,2.206e-05,1.7e-05,1.3433412419856e-23,4312,3500,1.58390106586026e-11,0.074570521217672,0.074570521233511
ZFP,11,7,7,1,0.1,0,0.1,0.1,0.7,37,,,2.004e-05,1.656e-05,3.25391582415491e-24,4312,3596,6.12959683010672e-12,0.0946300087687414,0.094630008774871
ZFP,11,7,7,1,0.1,0,0.1,0.1,0.7,38,,,2.104e-05,1.75e-05,1.00888230606853e-24,4312,3692,6.50079989839014e-12,-0.0925814682327732,-0.092581468239274
ZFP,11,7,7,1,0.1,0,0.1,0.1,0.7,39,,,2.11e-05,2.08e-05,2.07253201381985e-25,4312,3788,2.00121169635636e-12,-0.0611857890942719,-0.0611857890922707
ZFP,11,7,7,1,0.1,0,0.1,0.1,0.7,40,,,2.108e-05,1.804e-05,5.30331580814438e-26,4312,3884,1.04657948973852e-12,-0.0631266637872322,-0.0631266637861856
ZFP,11,7,7,1,0.1,0,0.1,0.1,0.7,41,,,3.284e-05,2.518e-05,1.32332718351777e-26,4312,3980,4.57189841540639e-13,-0.0925814682327732,-0.0925814682323161
ZFP,11,7,7,1,0.1,0,0.1,0.1,0.7,42,,,2.542e-05,2.54e-05,3.15938735667292e-27,4312,4076,2.62345700718924e-13,-0.0982452612624333,-0.0982452612621709
ZFP,11,7,7,1,0.1,0,0.1,0.1,0.7,43,,,2.578e-05,2.114e-05,7.81995737951326e-28,4312,4172,1.4642453916025e-13,0.0515501371821464,0.0515501371822928
ZFP,11,7,7,1,0.1,0,0.1,0.1,0.7,44,,,2.534e-05,2.086e-05,1.97710404084432e-28,4312,4268,8.85862563859696e-14,-0.00583741434275796,-0.00583741434266938
SVD,11,7,7,1,0.1,0,0.1,0.1,0.7,,1,,0.00090118,0.00013252,0.000502241523084505,4312,712,0.0721085636010147,0.0863209366648874,0.0142123730638727
SVD,11,7,7,1,0.1,0,0.1,0.1,0.7,,2,,0.00095478,0.00016792,3.41674186587097e-33,4312,1392,2.22044604925031e-16,0.098544972998846,0.0985449729988458
SVD,11,7,7,1,0.1,0,0.1,0.1,0.7,,3,,0.00109172,0.0001876,3.57697827695888e-33,4312,2072,4.30211422042248e-16,0.098544972998846,0.0985449729988456
SVD,11,7,7,1,0.1,0,0.1,0.1,0.7,,4,,0.00120048,0.000263,3.60858254392517e-33,4312,2752,4.44089209850063e-16,0.098544972998846,0.0985449729988456
SVD,11,7,7,1,0.1,0,0.1,0.1,0.7,,5,,0.0013822,0.00031728,3.61142571363812e-33,4312,3432,4.44089209850063e-16,0.098544972998846,0.0985449729988456
SVD,11,7,7,1,0.1,0,0.1,0.1,0.7,,6,,0.00128342,0.0003396,3.61452939886189e-33,4312,4112,4.44089209850063e-16,0.098544972998846,0.0985449729988456
ZFP,11,7,7,1,0.1,0,0.1,0.1,1,1,,,5e-06,3.24e-06,0.00536371284034368,4312,140,0.285745261262433,-0.0982452612624333,0.1875
ZFP,11,7,7,1,0.1,0,0.1,0.1,1,2,,,5.42e-06,2.8e-06,0.00138959576398097,4312,236,0.166828681944885,0.0675463180551151,0.234375
ZFP,11,7,7,1,0.1,0,0.1,0.1,1,3,,,6.32e-06,4.1e-06,0.000492372039536336,4312,332,0.0974070109091507,-0.0529836140908493,-0.150390625
ZFP,11,7,7,1,0.1,0,0.1,0.1,1,4,,,6.5e-06,3.64e-06,0.000163263157353788,4312,428,0.0507894090317496,-0.00830894028174964,0.04248046875
ZFP,11,7,7,1,0.1,0,0.1,0.1,1,5,,,1.29e-05,1.36e-05,4.79070396219467e-05,4312,524,0.0314517889366598,0.0404849920616598,0.009033203125
ZFP,11,7,7,1,0.1,0,0.1,0.1,1,6,,,1.084e-05,6.56e-06,1.18922692247192e-05,4312,620,0.01393336731118,0.05784397643882,0.07177734375
ZFP,11,7,7,1,0.1,0,0.1,0.1,1,7,,,1.038e-05,5.7e-06,3.17265223255416e-06,4312,716,0.00909766296009733,0.0404849920616598,0.0313873291015625
ZFP,11,7,7,1,0.1,0,0.1,0.1,1,8,,,1.214e-05,5.74e-06,8.85574574204886e-07,4312,812,0.00461234930343805,0.0963558185417193,0.0917434692382812
ZFP,11,7,7,1,0.1,0,0.1,0.1,1,9,,,8.94e-06,6.16e-06,2.42227439652709e-07,4312,908,0.00338324645619108,0.0404849920616598,0.0371017456054688
ZFP,11,7,7,1,0.1,0,0.1,0.1,1,10,,,9.52e-06,6.26e-06,5.12005891657535e-08,4312,1004,0.00137919861000811,0.05784397643882,0.0592231750488281
ZFP,11,7,7,1,0.1,0,0.1,0.1,1,11,,,9.98e-06,8e-06,1.4547054724919e-08,4312,1100,0.000626174007460616,0.0404849920616598,0.0398588180541992
ZFP,11,7,7,1,0.1,0,0.1,0.1,1,12,,,9.88e-06,1.004e-05,3.34909608117568e-09,4312,1196,0.000236424411728837,0.0404849920616598,0.0407214164733887
ZFP,11,7,7,1,0.1,0,0.1,0.1,1,13,,,1.07e-05,7.3e-06,9.26997853520189e-10,4312,1292,0.000135474623024115,0.05784397643882,0.0577085018157959
ZFP,11,7,7,1,0.1,0,0.1,0.1,1,14,,,1.06e-05,7.1e-06,2.2323531896236e-10,4312,1388,7.63413051858564e-05,0.0973847630878195,0.0974611043930054
ZFP,11,7,7,1,0.1,0,0.1,0.1,1,15,,,1.172e-05,1.108e-05,5.44090941754064e-11,4312,1484,3.41467269059509e-05,0.05784397643882,0.0578098297119141
ZFP,11,7,7,1,0.1,0,0.1,0.1,1,16,,,1.3e-05,1.024e-05,1.41210217149895e-11,4312,1580,1.82755581740052e-05,0.05784397643882,0.057862251996994
ZFP,11,7,7,1,0.1,0,0.1,0.1,1,17,,,1.292e-05,1.02e-05,3.69669011177674e-12,4312,1676,1.01409562226623e-05,0.05784397643882,0.0578338354825974
ZFP,11,7,7,1,0.1,0,0.1,0.1,1,18,,,1.912e-05,1.346e-05,9.67478087156264e-13,4312,1772,6.12696547792196e-06,0.0404849920616598,0.0404911190271378
ZFP,11,7,7,1,0.1,0,0.1,0.1,1,19,,,1.306e-05,1.034e-05,2.23126703593784e-13,4312,1868,2.38862711156307e-06,0.05784397643882,0.0578415878117085
ZFP,11,7,7,1,0.1,0,0.1,0.1,1,20,,,1.37e-05,1.022e-05,5.69028970367218e-14,4312,1964,9.4549815370798e-07,0.0404849920616598,0.0404840465635061
ZFP,11,7,7,1,0.1,0,0.1,0.1,1,21,,,1.366e-05,1.098e-05,1.57441005917919e-14,4312,2060,7.20623723610148e-07,0.0909297426825682,0.0909290220588446
ZFP,11,7,7,1,0.1,0,0.1,0.1,1,22,,,1.434e-05,1.196e-05,3.54085167881081e-15,4312,2156,2.80077725997585e-07,0.05784397643882,0.057844256516546
ZFP,11,7,7,1,0.1,0,0.1,0.1,1,23,,,1.436e-05,1.116e-05,8.32697871472811e-16,4312,2252,1.51545658848284e-07,0.0404849920616598,0.040484840516001
ZFP,11,7,7,1,0.1,0,0.1,0.1,1,24,,,1.484e-05,1.266e-05,2.23884479283198e-16,4312,2348,7.30751333125057e-08,0.0215119988087816,0.0215119257336482
ZFP,11,7,7,1,0.1,0,0.1,0.1,1,25,,,1.448e-05,1.148e-05,4.98276320749237e-17,4312,2444,4.18688465148032e-08,0.05784397643882,0.0578439345699735
ZFP,11,7,7,1,0.1,0,0.1,0.1,1,26,,,1.498e-05,1.312e-05,1.31468025699334e-17,4312,2540,1.45634807408035e-08,0.05784397643882,0.0578439910023008
ZFP,11,7,7,1,0.1,0,0.1,0.1,1,27,,,1.616e-05,1.312e-05,2.94306337467775e-18,4312,2636,9.12606450825804e-09,0.0404849920616598,0.0404849829355953
ZFP,11,7,7,1,0.1,0,0.1,0.1,1,28,,,1.63e-05,1.616e-05,8.35560120857616e-19,4312,2732,3.61175062080221e-09,0.0239249329213982,0.0239249365331489
ZFP,11,7,7,1,0.1,0,0.1,0.1,1,29,,,1.734e-05,1.61e-05,2.140105240777e-19,4312,2828,2.48913983869059e-09,0.0239249329213982,0.0239249304322584
ZFP,11,7,7,1,0.1,0,0.1,0.1,1,30,,,1.834e-05,1.434e-05,5.55757290549256e-20,4312,2924,1.06688732848248e-09,0.0675463180551151,0.0675463169882278
ZFP,11,7,7,1,0.1,0,0.1,0.1,1,31,,,1.798e-05,1.476e-05,1.26400344379091e-20,4312,3020,5.10421198363087e-10,0.0404849920616598,0.0404849915512386
ZFP,11,7,7,1,0.1,0,0.1,0.1,1,32,,,1.818e-05,1.538e-05,3.19652848035633e-21,4312,3116,3.33526636864256e-10,0.05784397643882,0.0578439767723467
ZFP,11,7,7,1,0.1,0,0.1,0.1,1,33,,,2.15e-05,1.976e-05,8.00562355620987e-22,4312,3212,1.65040585364817e-10,0.0404849920616598,0.0404849918966192
ZFP,11,7,7,1,0.1,0,0.1,0.1,1,34,,,1.902e-05,1.612e-05,2.07939288074377e-22,4312,3308,6.72223943176675e-11,0.0239249329213982,0.0239249329886206
ZFP,11,7,7,1,0.1,0,0.1,0.1,1,35,,,1.962e-05,1.692e-05,4.86661971435222e-23,4312,3404,4.05534980596478e-11,0.0404849920616598,0.0404849920211063
ZFP,11,7,7,1,0.1,0,0.1,0.1,1,36,,,2.288e-05,1.848e-05,1.3685268797882e-23,4312,3500,1.50117140940154e-11,0.0239249329213982,0.02392493293641
ZFP,11,7,7,1,0.1,0,0.1,0.1,1,37,,,1.964e-05,1.754e-05,3.19070657092999e-24,4312,3596,9.18233544755509e-12,0.05784397643882,0.0578439764296377
ZFP,11,7,7,1,0.1,0,0.1,0.1,1,38,,,2.004e-05,1.746e-05,8.16220685126709e-25,4312,3692,4.19014822838903e-12,0.0239249329213982,0.0239249329255884
ZFP,11,7,7,1,0.1,0,0.1,0.1,1,39,,,2.006e-05,2.212e-05,1.94695411512973e-25,4312,3788,1.72874214943164e-12,0.05784397643882,0.0578439764370913
ZFP,11,7,7,1,0.1,0,0.1,0.1,1,40,,,2.132e-05,1.78e-05,5.4094502457277e-26,4312,3884,1.30527533226399e-12,0.05784397643882,0.0578439764401253
ZFP,11,7,7,1,0.1,0,0.1,0.1,1,41,,,2.146e-05,1.814e-05,1.36030595160169e-26,4312,3980,5.2430282337923e-13,0.0239249329213982,0.0239249329208739
ZFP,11,7,7,1,0.1,0,0.1,0.1,1,42,,,2.124e-05,1.834e-05,3.16345178166454e-27,4312,4076,3.13367387594354e-13,0.0404849920616598,0.0404849920619732
ZFP,11,7,7,1,0.1,0,0.1,0.1,1,43,,,2.132e-05,1.852e-05,8.13964182066332e-28,4312,4172,1.63702384980979e-13,0.0239249329213982,0.0239249329212345
ZFP,11,7,7,1,0.1,0,0.1,0.1,1,44,,,2.474e-05,1.856e-05,2.18670507234196e-28,4312,4268,8.31279489688086e-14,0.0909297426825682,0.0909297426826513
SVD,11,7,7,1,0.1,0,0.1,0.1,1,,1,,0.00080126,9.906e-05,0.00063847136141782,4312,712,0.0718491686844265,0.0909297426825682,0.0190805739981417
SVD,11,7,7,1,0.1,0,0.1,0.1,1,,2,,0.00086448,0.00013932,7.11003572321093e-33,4312,1392,5.27355936696949e-16,0.0841470984807897,0.0841470984807902
SVD,11,7,7,1,0.1,0,0.1,0.1,1,,3,,0.00108786,0.00021888,7.44088604505086e-33,4312,2072,8.04911692853238e-16,0.0841470984807897,0.0841470984807905
SVD,11,7,7,1,0.1,0,0.1,0.1,1,,4,,0.00136926,0.00029624,7.44767734675742e-33,4312,2752,8.04911692853238e-16,0.0841470984807897,0.0841470984807905
SVD,11,7,7,1,0.1,0,0.1,0.1,1,,5,,0.00090796,0.00022972,7.4170333940514e-33,4312,3432,8.04911692853238e-16,0.0841470984807897,0.0841470984807905
SVD,11,7,7,1,0.1,0,0.1,0.1,1,,6,,0.0008265,0.0002416,7.36468212863353e-33,4312,4112,8.04911692853238e-16,0.0841470984807897,0.0841470984807905
ZFP,11,7,7,1,0.1,0,0.1,0.4,0.1,1,,,8.94e-06,3.66e-06,0.00171423300083928,4312,140,0.201810789094272,-0.0611857890942719,0.140625
ZFP,11,7,7,1,0.1,0,0.1,0.4,0.1,2,,,6.14e-06,3.58e-06,0.000507279512054634,4312,236,0.0914713172307897,0.0841470984807897,-0.00732421875
ZFP,11,7,7,1,0.1,0,0.1,0.4,0.1,3,,,6.26e-06,3.44e-06,0.000172615688069583,4312,332,0.0640462608942103,0.0841470984807897,0.148193359375
ZFP,11,7,7,1,0.1,0,0.1,0.4,0.1,4,,,6.58e-06,4.26e-06,5.01036384881307e-05,4312,428,0.0375612065877483,0.0783326909627483,0.040771484375
ZFP,11,7,7,1,0.1,0,0.1,0.4,0.1,5,,,7.48e-06,5.48e-06,1.82147379974503e-05,4312,524,0.0240665447395307,0.0963558185417193,0.12042236328125
ZFP,11,7,7,1,0.1,0,0.1,0.4,0.1,6,,,7.68e-06,4.7e-06,3.48866061871744e-06,4312,620,0.00945451713462335,0.0783326909627483,0.068878173828125
ZFP,11,7,7,1,0.1,0,0.1,0.4,0.1,7,,,8.3e-06,5.36e-06,1.0956141595286e-06,4312,716,0.0052371990364057,0.0963558185417193,0.101593017578125
ZFP,11,7,7,1,0.1,0,0.1,0.4,0.1,8,,,1e-05,6e-06,2.50391627977631e-07,4312,812,0.00230016098712728,0.098544972998846,0.0962448120117188
ZFP,11,7,7,1,0.1,0,0.1,0.4,0.1,9,,,9.1e-06,5.98e-06,7.13924572944808e-08,4312,908,0.0013156902473432,0.0963558185417193,0.0976715087890625
ZFP,11,7,7,1,0.1,0,0.1,0.4,0.1,10,,,1.094e-05,6.58e-06,1.74984788660696e-08,4312,1004,0.000675945052103819,0.0783326909627483,0.0776567459106445
ZFP,11,7,7,1,0.1,0,0.1,0.4,0.1,11,,,1.168e-05,7.88e-06,4.31499178016069e-09,4312,1100,0.000340628300119938,0.0973847630878195,0.0977253913879395
ZFP,11,7,7,1,0.1,0,0.1,0.4,0.1,12,,,1.384e-05,9.84e-06,1.09769327188178e-09,4312,1196,0.000162153014139951,0.0783326909627483,0.0781705379486084
ZFP,11,7,7,1,0.1,0,0.1,0.4,0.1,13,,,1.174e-05,8.3e-06,2.67812154631355e-10,4312,1292,8.51627926126142e-05,0.0973847630878195,0.0974699258804321
ZFP,11,7,7,1,0.1,0,0.1,0.4,0.1,14,,,1.17e-05,8.7e-06,7.61293049254997e-11,4312,1388,3.58997413997392e-05,0.098544972998846,0.0985090732574463
ZFP,11,7,7,1,0.1,0,0.1,0.4,0.1,15,,,1.268e-05,8.16e-06,1.61786291501033e-11,4312,1484,1.96411524249901e-05,0.0783326909627483,0.0783523321151733
ZFP,11,7,7,1,0.1,0,0.1,0.4,0.1,16,,,1.42e-05,9.32e-06,3.99883314215012e-12,4312,1580,8.87423261003439e-06,0.0997494986604054,0.0997406244277954
ZFP,11,7,7,1,0.1,0,0.1,0.4,0.1,17,,,1.222e-05,8.64e-06,1.00842036206066e-12,4312,1676,3.88440888077213e-06,0.0973847630878195,0.0973886474967003
ZFP,11,7,7,1,0.1,0,0.1,0.4,0.1,18,,,1.344e-05,9.18e-06,2.71336769040571e-13,4312,1772,2.2675708705594e-06,0.042737988023383,0.0427402555942535
ZFP,11,7,7,1,0.1,0,0.1,0.4,0.1,19,,,1.5e-05,1.326e-05,6.56402137954649e-14,4312,1868,1.16557518976823e-06,0.0783326909627483,0.0783338565379381
ZFP,11,7,7,1,0.1,0,0.1,0.4,0.1,20,,,1.55e-05,1.224e-05,1.4465303826067e-14,4312,1964,4.32183790657903e-07,0.098544972998846,0.0985445408150554
ZFP,11,7,7,1,0.1,0,0.1,0.4,0.1,21,,,1.452e-05,1.024e-05,4.47264989702101e-15,4312,2060,3.87100504053994e-07,0.0963558185417193,0.0963562056422234
ZFP,11,7,7,1,0.1,0,0.1,0.4,0.1,22,,,1.476e-05,1.132e-05,9.82616591805076e-16,4312,2156,1.1900969092149e-07,0.042737988023383,0.0427381070330739
ZFP,11,7,7,1,0.1,0,0.1,0.4,0.1,23,,,1.612e-05,1.17e-05,2.73793505200016e-16,4312,2252,7.21563369054934e-08,0.0973847630878195,0.0973848352441564
ZFP,11,7,7,1,0.1,0,0.1,0.4,0.1,24,,,1.676e-05,1.266e-05,6.39573556183602e-17,4312,2348,4.2658123824979e-08,0.098544972998846,0.0985449303407222
ZFP,11,7,7,1,0.1,0,0.1,0.4,0.1,25,,,1.738e-05,1.344e-05,1.62974781618083e-17,4312,2444,2.03394612957597e-08,0.0783326909627483,0.0783327113022096
ZFP,11,7,7,1,0.1,0,0.1,0.4,0.1,26,,,2.404e-05,1.586e-05,4.07248320005687e-18,4312,2540,9.07336292210736e-09,0.0932039085967226,0.0932038995233597
ZFP,11,7,7,1,0.1,0,0.1,0.4,0.1,27,,,1.746e-05,1.374e-05,9.45903234799947e-19,4312,2636,4.59428901866676e-09,0.0783326909627483,0.0783326955570374
ZFP,11,7,7,1,0.1,0,0.1,0.4,0.1,28,,,2.714e-05,1.91e-05,2.48826540415625e-19,4312,2732,1.91405506722031e-09,0.0783326909627483,0.0783326890486933
ZFP,11,7,7,1,0.1,0,0.1,0.4,0.1,29,,,2.728e-05,2e-05,5.81107861606009e-20,4312,2828,1.03998372413816e-09,0.0783326909627483,0.0783326920027321
ZFP,11,7,7,1,0.1,0,0.1,0.4,0.1,30,,,2.698e-05,1.984e-05,1.60800084849418e-20,4312,2924,5.24347162911276e-10,0.0783326909627483,0.0783326904384012
ZFP,11,7,7,1,0.1,0,0.1,0.4,0.1,31,,,2.784e-05,2.014e-05,3.59183258192926e-21,4312,3020,2.51451817701032e-10,0.0783326909627483,0.0783326912142002
ZFP,11,7,7,1,0.1,0,0.1,0.4,0.1,32,,,2.714e-05,2.01e-05,8.65316115920705e-22,4312,3116,1.27324414900265e-10,0.0963558185417193,0.0963558184143949
ZFP,11,7,7,1,0.1,0,0.1,0.4,0.1,33,,,2.41e-05,1.9e-05,2.51385030205127e-22,4312,3212,7.21676746140432e-11,0.0783326909627483,0.078332691034916
ZFP,11,7,7,1,0.1,0,0.1,0.4,0.1,34,,,2.988e-05,2.27e-05,6.24797337500136e-23,4312,3308,3.68865354927195e-11,0.0963558185417193,0.0963558185048328
ZFP,11,7,7,1,0.1,0,0.1,0.4,0.1,35,,,3.344e-05,2.206e-05,1.52823910077191e-23,4312,3404,1.64894348175793e-11,0.0963558185417193,0.0963558185582087
ZFP,11,7,7,1,0.1,0,0.1,0.4,0.1,36,,,2.92e-05,2.566e-05,4.10334192212264e-24,4312,3500,9.90001136624841e-12,0.0783326909627483,0.0783326909528483
ZFP,11,7,7,1,0.1,0,0.1,0.4,0.1,37,,,3.268e-05,2.94e-05,9.69039283707736e-25,4312,3596,4.93600993412002e-12,0.0963558185417193,0.0963558185466553
ZFP,11,7,7,1,0.1,0,0.1,0.4,0.1,38,,,3.234e-05,2.998e-05,2.50571518387429e-25,4312,3692,3.04682667984224e-12,0.0783326909627483,0.0783326909597015
ZFP,11,7,7,1,0.1,0,0.1,0.4,0.1,39,,,3.386e-05,2.976e-05,5.81730611790705e-26,4312,3788,1.1985551440219e-12,0.0963558185417193,0.0963558185429179
ZFP,11,7,7,1,0.1,0,0.1,0.4,0.1,40,,,3.27e-05,2.802e-05,1.55853402422033e-26,4312,3884,4.7299664185374e-13,0.0963558185417193,0.0963558185412463
ZFP,11,7,7,1,0.1,0,0.1,0.4,0.1,41,,,3.472e-05,3.096e-05,3.86082619940255e-27,4312,3980,3.95558585886135e-13,0.098544972998846,0.0985449729992416
ZFP,11,7,7,1,0.1,0,0.1,0.4,0.1,42,,,3.508e-05,3.076e-05,9.54815920016351e-28,4312,4076,1.52475254644457e-13,0.0783326909627483,0.0783326909625959
ZFP,11,7,7,1,0.1,0,0.1,0.4,0.1,43,,,3.722e-05,3.242e-05,2.22054119299126e-28,4312,4172,6.64884813872391e-14,0.098544972998846,0.0985449729989125
ZFP,11,7,7,1,0.1,0,0.1,0.4,0.1,44,,,3.194e-05,2.774e-05,6.39241378107151e-29,4312,4268,4.39370761995406e-14,-0.0442520443294853,-0.0442520443295292
SVD,11,7,7,1,0.1,0,0.1,0.4,0.1,,1,,0.00110688,0.0001274,0.000181563487275188,4312,712,0.029907930601891,-0.035078322768962,-0.00517039216707102
SVD,11,7,7,1,0.1,0,0.1,0.4,0.1,,2,,0.00081092,0.0001283,1.19482930063358e-32,4312,1392,2.08166817117217e-16,0.0973847630878195,0.0973847630878193
SVD,11,7,7,1,0.1,0,0.1,0.4,0.1,,3,,0.00107608,0.00020188,1.20099384168971e-32,4312,2072,2.08166817117217e-16,0.0973847630878195,0.0973847630878193
SVD,11,7,7,1,0.1,0,0.1,0.4,0.1,,4,,0.00093194,0.0002019,1.20569891472444e-32,4312,2752,2.08166817117217e-16,0.0973847630878195,0.0973847630878193
SVD,11,7,7,1,0.1,0,0.1,0.4,0.1,,5,,0.00140482,0.0003388,1.20491756607677e-32,4312,3432,2.08166817117217e-16,0.0973847630878195,0.0973847630878193
SVD,11,7,7,1,0.1,0,0.1,0.4,0.1,,6,,0.0011711,0.00030528,1.21072239755246e-32,4312,4112,2.08166817117217e-16,0.0973847630878195,0.0973847630878193
ZFP,11,7,7,1,0.1,0,0.1,0.4,0.4,1,,,5.18e-06,2.86e-06,0.00610507998117948,4312,140,0.340432761262433,-0.0982452612624333,0.2421875
ZFP,11,7,7,1,0.1,0,0.1,0.4,0.4,2,,,6.22e-06,5.7e-06,0.00157646926479241,4312,236,0.13310819001559,0.0334988150155905,-0.099609375
ZFP,11,7,7,1,0.1,0,0.1,0.4,0.4,3,,,6.16e-06,4.02e-06,0.000604544369869052,4312,332,0.0935097253633465,-0.0993691003633465,-0.005859375
ZFP,11,7,7,1,0.1,0,0.1,0.4,0.4,4,,,6.62e-06,4.14e-06,0.000160425025203036,4312,428,0.0595489721999333,-0.0982452612624333,-0.0386962890625
ZFP,11,7,7,1,0.1,0,0.1,0.4,0.4,5,,,7.32e-06,4.14e-06,4.92523493808373e-05,4312,524,0.0297565937182281,-0.0611857890942719,-0.0909423828125
ZFP,11,7,7,1,0.1,0,0.1,0.4,0.4,6,,,7.56e-06,4.56e-06,1.37775773001733e-05,4312,620,0.0175963506333495,0.0999573603041505,0.1175537109375
ZFP,11,7,7,1,0.1,0,0.1,0.4,0.4,7,,,1.228e-05,7.84e-06,3.38906763287433e-06,4312,716,0.00717007481113971,-0.0442520443294853,-0.051422119140625
ZFP,11,7,7,1,0.1,0,0.1,0.4,0.4,8,,,1.232e-05,8.14e-06,8.17093296067145e-07,4312,812,0.00341704122364824,-0.00583741434275801,-0.00925445556640625
ZFP,11,7,7,1,0.1,0,0.1,0.4,0.4,9,,,1.308e-05,8.4e-06,2.09387447592495e-07,4312,908,0.00231396519199908,-0.0442520443294853,-0.0465660095214844
ZFP,11,7,7,1,0.1,0,0.1,0.4,0.4,10,,,1.352e-05,8.88e-06,5.5704035587637e-08,4312,1004,0.00115199087649849,-0.0611857890942719,-0.0600337982177734
ZFP,11,7,7,1,0.1,0,0.1,0.4,0.4,11,,,1.396e-05,9.54e-06,1.39177921987304e-08,4312,1100,0.000439041485944397,-0.0442520443294853,-0.0446910858154297
ZFP,11,7,7,1,0.1,0,0.1,0.4,0.4,12,,,1.456e-05,9.96e-06,3.33718622629269e-09,4312,1196,0.000244135516034806,0.0141120008059867,0.0143561363220215
ZFP,11,7,7,1,0.1,0,0.1,0.4,0.4,13,,,1.564e-05,1.048e-05,9.21022551742971e-10,4312,1292,0.000159138074079163,-0.0442520443294853,-0.0444111824035645
ZFP,11,7,7,1,0.1,0,0.1,0.4,0.4,14,,,1.598e-05,1.078e-05,1.97628054077022e-10,4312,1388,6.04340008370525e-05,0.0141120008059867,0.0141724348068237
ZFP,11,7,7,1,0.1,0,0.1,0.4,0.4,15,,,1.65e-05,1.156e-05,5.29543402939554e-11,4312,1484,3.31282755706014e-05,-0.0611857890942719,-0.0612189173698425
ZFP,11,7,7,1,0.1,0,0.1,0.4,0.4,16,,,1.538e-05,1.264e-05,1.1768574778779e-11,4312,1580,1.36741570107585e-05,0.0141120008059867,0.0141256749629974
ZFP,11,7,7,1,0.1,0,0.1,0.4,0.4,17,,,1.204e-05,9.26e-06,3.24817414754798e-12,4312,1676,7.79630154106037e-06,-0.0611857890942719,-0.061193585395813
ZFP,11,7,7,1,0.1,0,0.1,0.4,0.4,18,,,1.286e-05,9.58e-06,8.45493433175516e-13,4312,1772,4.6685197975932e-06,-0.0611857890942719,-0.0611811205744743
ZFP,11,7,7,1,0.1,0,0.1,0.4,0.4,19,,,1.242e-05,9.38e-06,2.09363884047292e-13,4312,1868,2.05852594978989e-06,0.0515501371821464,0.0515480786561966
ZFP,11,7,7,1,0.1,0,0.1,0.4,0.4,20,,,1.29e-05,9.62e-06,5.52732311175663e-14,4312,1964,1.12577720581819e-06,-0.0442520443294853,-0.0442509185522795
ZFP,11,7,7,1,0.1,0,0.1,0.4,0.4,21,,,1.342e-05,1.008e-05,1.32482735749952e-14,4312,2060,5.38756800448278e-07,0.0141120008059867,0.0141114620491862
ZFP,11,7,7,1,0.1,0,0.1,0.4,0.4,22,,,1.438e-05,1.044e-05,3.06604590247334e-15,4312,2156,2.01225261509119e-07,-0.0529836140908493,-0.0529838153161108
ZFP,11,7,7,1,0.1,0,0.1,0.4,0.4,23,,,1.436e-05,1.082e-05,8.51454958405297e-16,4312,2252,1.14155354613565e-07,-0.0993691003633465,-0.0993689862079918
ZFP,11,7,7,1,0.1,0,0.1,0.4,0.4,24,,,1.486e-05,1.116e-05,1.94732103626283e-16,4312,2348,8.38323406821689e-08,0.0141120008059867,0.0141120846383274
ZFP,11,7,7,1,0.1,0,0.1,0.4,0.4,25,,,1.552e-05,1.192e-05,5.12545630753514e-17,4312,2444,2.87135407395223e-08,-0.0442520443294853,-0.044252073043026
ZFP,11,7,7,1,0.1,0,0.1,0.4,0.4,26,,,1.552e-05,1.226e-05,1.19035125324294e-17,4312,2540,1.6738160371621e-08,-0.0611857890942719,-0.0611857723561116
ZFP,11,7,7,1,0.1,0,0.1,0.4,0.4,27,,,1.642e-05,1.248e-05,2.94041923910526e-18,4312,2636,6.95951131446382e-09,-0.0982452612624333,-0.0982452682219446
ZFP,11,7,7,1,0.1,0,0.1,0.4,0.4,28,,,1.676e-05,1.38e-05,7.65432951364607e-19,4312,2732,4.08647618521663e-09,-0.0442520443294853,-0.0442520402430091
ZFP,11,7,7,1,0.1,0,0.1,0.4,0.4,29,,,1.778e-05,1.366e-05,2.11322099519006e-19,4312,2828,2.13567367957079e-09,-0.0611857890942719,-0.0611857912299456
ZFP,11,7,7,1,0.1,0,0.1,0.4,0.4,30,,,1.788e-05,1.334e-05,5.02565501717572e-20,4312,2924,9.17796644239743e-10,-0.0442520443294853,-0.0442520434116886
ZFP,11,7,7,1,0.1,0,0.1,0.4,0.4,31,,,1.816e-05,1.358e-05,1.37642407455439e-20,4312,3020,6.03787991826366e-10,-0.0442520443294853,-0.0442520449332733
ZFP,11,7,7,1,0.1,0,0.1,0.4,0.4,32,,,1.796e-05,1.452e-05,2.81541780864805e-21,4312,3116,2.17940471225475e-10,-0.0442520443294853,-0.0442520441115448
ZFP,11,7,7,1,0.1,0,0.1,0.4,0.4,33,,,1.846e-05,1.524e-05,7.3422967392922e-22,4312,3212,1.26525843621716e-10,0.0141120008059867,0.0141120006794608
ZFP,11,7,7,1,0.1,0,0.1,0.4,0.4,34,,,1.956e-05,1.546e-05,1.87818709508105e-22,4312,3308,6.11663220073666e-11,-0.0442520443294853,-0.044252044268319
ZFP,11,7,7,1,0.1,0,0.1,0.4,0.4,35,,,3.258e-05,2.378e-05,5.09193712903987e-23,4312,3404,2.74573974667902e-11,0.0991664810452469,0.0991664810177895
ZFP,11,7,7,1,0.1,0,0.1,0.4,0.4,36,,,2.058e-05,1.716e-05,1.18581186726698e-23,4312,3500,1.38489792550489e-11,0.0141120008059867,0.0141120008198357
ZFP,11,7,7,1,0.1,0,0.1,0.4,0.4,37,,,2.146e-05,1.668e-05,2.97328704700162e-24,4312,3596,8.67522546854627e-12,0.0141120008059867,0.0141120007973115
ZFP,11,7,7,1,0.1,0,0.1,0.4,0.4,38,,,2.162e-05,1.726e-05,7.94379911620611e-25,4312,3692,3.49867357307687e-12,-0.0442520443294853,-0.0442520443259866
ZFP,11,7,7,1,0.1,0,0.1,0.4,0.4,39,,,2.246e-05,1.784e-05,1.71094734057496e-25,4312,3788,1.69059037602448e-12,0.0141120008059867,0.0141120008042961
ZFP,11,7,7,1,0.1,0,0.1,0.4,0.4,40,,,3.338e-05,2.48e-05,4.74514994765937e-26,4312,3884,8.22954551726873e-13,0.0141120008059867,0.0141120008068096
ZFP,11,7,7,1,0.1,0,0.1,0.4,0.4,41,,,3.224e-05,2.426e-05,1.3327722472249e-26,4312,3980,6.4641347830019e-13,-0.0611857890942719,-0.0611857890949183
ZFP,11,7,7,1,0.1,0,0.1,0.4,0.4,42,,,3.32e-05,2.58e-05,3.26186419637696e-27,4312,4076,2.56461518688411e-13,-0.061185789094272,-0.0611857890945284
ZFP,11,7,7,1,0.1,0,0.1,0.4,0.4,43,,,3.372e-05,2.548e-05,8.18078129138862e-28,4312,4172,1.5569490141587e-13,-0.0611857890942719,-0.0611857890944276
ZFP,11,7,7,1,0.1,0,0.1,0.4,0.4,44,,,3.442e-05,2.704e-05,2.0469207188569e-28,4312,4268,6.91946500097629e-14,-0.0442520443294853,-0.0442520443294161
SVD,11,7,7,1,0.1,0,0.1,0.4,0.4,,1,,0.00131092,0.00016708,0.00232903584523979,4312,712,0.100289864384842,-0.0982452612624333,0.00204460312240902
SVD,11,7,7,1,0.1,0,0.1,0.4,0.4,,2,,0.00105138,0.00017272,3.48343143331562e-33,4312,1392,2.35922392732846e-16,0.0932039085967226,0.0932039085967224
SVD,11,7,7,1,0.1,0,0.1,0.4,0.4,,3,,0.0013441,0.00023428,3.52388887329743e-33,4312,2072,3.46944695195361e-16,0.0999573603041505,0.0999573603041502
SVD,11,7,7,1,0.1,0,0.1,0.4,0.4,,4,,0.00096778,0.00021864,3.54556213118623e-33,4312,2752,3.46944695195361e-16,0.0999573603041505,0.0999573603041502
SVD,11,7,7,1,0.1,0,0.1,0.4,0.4,,5,,0.00125562,0.0002928,3.53693508399127e-33,4312,3432,3.46944695195361e-16,0.0999573603041505,0.0999573603041502
SVD,11,7,7,1,0.1,0,0.1,0.4,0.4,,6,,0.00132774,0.00033458,3.51557013854311e-33,4312,4112,3.46944695195361e-16,0.0999573603041505,0.0999573603041502
ZFP,11,7,7,1,0.1,0,0.1,0.4,0.7,1,,,7.3e-06,4.7e-06,0.00658056811141515,4312,140,0.272891408596723,0.0932039085967226,-0.1796875
ZFP,11,7,7,1,0.1,0,0.1,0.4,0.7,2,,,8.34e-06,4.96e-06,0.00319491829853093,4312,236,0.32850795075641,-0.0999923257564101,0.228515625
ZFP,11,7,7,1,0.1,0,0.1,0.4,0.7,3,,,9.28e-06,5.44e-06,0.000939177911254979,4312,332,0.16060217956166,0.0404849920616598,-0.1201171875
ZFP,11,7,7,1,0.1,0,0.1,0.4,0.7,4,,,1.038e-05,6.04e-06,0.000310891863368136,4312,428,0.0807395065433974,-0.0687766159183974,0.011962890625
ZFP,11,7,7,1,0.1,0,0.1,0.4,0.7,5,,,1.046e-05,6.36e-06,7.43196979694366e-05,4312,524,0.0343568520256512,-0.0772764487555988,-0.11163330078125
ZFP,11,7,7,1,0.1,0,0.1,0.4,0.7,6,,,1.088e-05,6.78e-06,2.069760341588e-05,4312,620,0.0175751065236999,-0.0157745694143249,0.001800537109375
ZFP,11,7,7,1,0.1,0,0.1,0.4,0.7,7,,,1.226e-05,8.24e-06,4.76492974276998e-06,4312,716,0.00895165556597759,-0.0687766159183974,-0.077728271484375
ZFP,11,7,7,1,0.1,0,0.1,0.4,0.7,8,,,1.222e-05,7.88e-06,1.29043276651546e-06,4312,812,0.00527652253932491,-0.0157745694143249,-0.010498046875
ZFP,11,7,7,1,0.1,0,0.1,0.4,0.7,9,,,1.296e-05,8.48e-06,3.30341610226403e-07,4312,908,0.00227316955189413,0.0404849920616598,0.0382118225097656
ZFP,11,7,7,1,0.1,0,0.1,0.4,0.7,10,,,1.4e-05,9.58e-06,8.0749756897758e-08,4312,1004,0.00142749299830928,-0.0157745694143249,-0.0143470764160156
ZFP,11,7,7,1,0.1,0,0.1,0.4,0.7,11,,,1.412e-05,9.54e-06,2.02021942697569e-08,4312,1100,0.000640626776806458,0.0909297426825682,0.0902891159057617
ZFP,11,7,7,1,0.1,0,0.1,0.4,0.7,12,,,1.5e-05,1.014e-05,6.10321771313793e-09,4312,1196,0.000378451250262406,-0.0157745694143249,-0.0153961181640625
ZFP,11,7,7,1,0.1,0,0.1,0.4,0.7,13,,,1.694e-05,1.144e-05,1.20644101429683e-09,4312,1292,0.000128117595717375,0.0404849920616598,0.0403568744659424
ZFP,11,7,7,1,0.1,0,0.1,0.4,0.7,14,,,1.746e-05,1.162e-05,3.33817705170267e-10,4312,1388,7.72560245985848e-05,-0.0687766159183974,-0.0686993598937988
ZFP,11,7,7,1,0.1,0,0.1,0.4,0.7,15,,,1.908e-05,1.362e-05,8.28970076985634e-11,4312,1484,3.88298378438401e-05,0.0404849920616598,0.0404461622238159
ZFP,11,7,7,1,0.1,0,0.1,0.4,0.7,16,,,1.752e-05,1.234e-05,1.88334129618414e-11,4312,1580,1.61256446390701e-05,0.0404849920616598,0.0405011177062988
ZFP,11,7,7,1,0.1,0,0.1,0.4,0.7,17,,,1.904e-05,1.29e-05,4.80128332345368e-12,4312,1676,8.90248942424232e-06,-0.0687766159183974,-0.0687855184078217
ZFP,11,7,7,1,0.1,0,0.1,0.4,0.7,18,,,2.066e-05,1.448e-05,1.23528033156367e-12,4312,1772,6.04500909143213e-06,0.0404849920616598,0.0404910370707512
ZFP,11,7,7,1,0.1,0,0.1,0.4,0.7,19,,,2.068e-05,1.578e-05,3.12513890373302e-13,4312,1868,2.90662136007147e-06,-0.0772764487555988,-0.0772793553769588
ZFP,11,7,7,1,0.1,0,0.1,0.4,0.7,20,,,2.176e-05,1.468e-05,7.19899377656329e-14,4312,1964,1.32343244503563e-06,-0.0687766159183974,-0.0687752924859524
ZFP,11,7,7,1,0.1,0,0.1,0.4,0.7,21,,,2.226e-05,1.756e-05,1.97545757586701e-14,4312,2060,5.46649955995848e-07,-0.0772764487555988,-0.0772769954055548
ZFP,11,7,7,1,0.1,0,0.1,0.4,0.7,22,,,2.174e-05,1.708e-05,5.07827584745231e-15,4312,2156,3.09139259007524e-07,-0.0157745694143249,-0.0157742602750659
ZFP,11,7,7,1,0.1,0,0.1,0.4,0.7,23,,,2.26e-05,1.672e-05,1.35890800395027e-15,4312,2252,1.66683674349133e-07,-0.0687766159183974,-0.0687767826020718
ZFP,11,7,7,1,0.1,0,0.1,0.4,0.7,24,,,2.264e-05,1.656e-05,2.77763174133664e-16,4312,2348,7.65414459973079e-08,-0.0157745694143249,-0.0157744928728789
ZFP,11,7,7,1,0.1,0,0.1,0.4,0.7,25,,,2.498e-05,1.646e-05,7.57562363241932e-17,4312,2444,3.34386858757973e-08,0.0946300087687414,0.0946300422074273
ZFP,11,7,7,1,0.1,0,0.1,0.4,0.7,26,,,2.52e-05,1.854e-05,1.85360881072754e-17,4312,2540,1.85464314739203e-08,-0.0772764487555988,-0.0772764302091673
ZFP,11,7,7,1,0.1,0,0.1,0.4,0.7,27,,,2.508e-05,1.85e-05,5.03973019696408e-18,4312,2636,1.17454091730362e-08,0.0404849920616598,0.0404849803162506
ZFP,11,7,7,1,0.1,0,0.1,0.4,0.7,28,,,2.43e-05,2.004e-05,1.23397841911633e-18,4312,2732,5.27630790447819e-09,-0.0687766159183974,-0.0687766106420895
ZFP,11,7,7,1,0.1,0,0.1,0.4,0.7,29,,,2.634e-05,1.984e-05,2.89737700518178e-19,4312,2828,2.18480086799921e-09,0.0404849920616598,0.0404849898768589
ZFP,11,7,7,1,0.1,0,0.1,0.4,0.7,30,,,2.654e-05,2.058e-05,7.35074826586195e-20,4312,2924,1.20981883885984e-09,-0.0157745694143249,-0.0157745682045061
ZFP,11,7,7,1,0.1,0,0.1,0.4,0.7,31,,,2.812e-05,2.09e-05,1.85230248677642e-20,4312,3020,6.74829553348744e-10,-0.0772764487555988,-0.0772764494304283
ZFP,11,7,7,1,0.1,0,0.1,0.4,0.7,32,,,2.664e-05,2.168e-05,4.85898180585394e-21,4312,3116,3.11808107111844e-10,0.0909297426825682,0.0909297429943763
ZFP,11,7,7,1,0.1,0,0.1,0.4,0.7,33,,,3.272e-05,1.892e-05,1.29890133014752e-21,4312,3212,1.5800841191016e-10,-0.0631266637872322,-0.0631266639452406
ZFP,11,7,7,1,0.1,0,0.1,0.4,0.7,34,,,3.154e-05,2.218e-05,2.8565391291829e-22,4312,3308,6.82448819677717e-11,0.0404849920616598,0.0404849921299046
ZFP,11,7,7,1,0.1,0,0.1,0.4,0.7,35,,,2.666e-05,2.204e-05,7.13964824064457e-23,4312,3404,3.32084776344388e-11,-0.0687766159183974,-0.0687766159516059
ZFP,11,7,7,1,0.1,0,0.1,0.4,0.7,36,,,2.028e-05,1.668e-05,1.72536106622861e-23,4312,3500,1.69881157752183e-11,-0.0157745694143249,-0.0157745693973368
ZFP,11,7,7,1,0.1,0,0.1,0.4,0.7,37,,,2.156e-05,1.806e-05,4.48349903524109e-24,4312,3596,8.83706996468447e-12,-0.0631266637872322,-0.0631266637960692
ZFP,11,7,7,1,0.1,0,0.1,0.4,0.7,38,,,2.18e-05,1.768e-05,1.19536552709136e-24,4312,3692,4.51098533527095e-12,-0.0157745694143249,-0.0157745694098139
ZFP,11,7,7,1,0.1,0,0.1,0.4,0.7,39,,,2.128e-05,1.776e-05,2.67635966054186e-25,4312,3788,2.05641059736195e-12,0.080849640381959,0.0808496403799026
ZFP,11,7,7,1,0.1,0,0.1,0.4,0.7,40,,,2.17e-05,1.768e-05,7.19390793806949e-26,4312,3884,1.32774347072484e-12,0.0404849920616598,0.0404849920629875
ZFP,11,7,7,1,0.1,0,0.1,0.4,0.7,41,,,2.256e-05,1.854e-05,1.9253648895561e-26,4312,3980,7.23050092021893e-13,-0.0157745694143249,-0.015774569415048
ZFP,11,7,7,1,0.1,0,0.1,0.4,0.7,42,,,2.344e-05,1.878e-05,4.33272440442113e-27,4312,4076,2.32869279415127e-13,0.080849640381959,0.0808496403821919
ZFP,11,7,7,1,0.1,0,0.1,0.4,0.7,43,,,2.212e-05,1.906e-05,1.20881962185726e-27,4312,4172,1.76997305700866e-13,-0.0772764487555988,-0.0772764487557758
ZFP,11,7,7,1,0.1,0,0.1,0.4,0.7,44,,,3.466e-05,2.64e-05,3.00906448292263e-28,4312,4268,6.15341111398493e-14,0.0404849920616598,0.0404849920617213
SVD,11,7,7,1,0.1,0,0.1,0.4,0.7,,1,,0.00124384,0.00015482,0.00186227492886037,4312,712,0.0991292560873749,-0.0982452612624333,0.000883994824941612
SVD,11,7,7,1,0.1,0,0.1,0.4,0.7,,2,,0.0012686,0.00019312,2.99603963461586e-33,4312,1392,1.52655665885959e-16,0.0891207360061435,0.0891207360061434
SVD,11,7,7,1,0.1,0,0.1,0.4,0.7,,3,,0.00132768,0.00023828,3.01997599069388e-33,4312,2072,1.94289029309402e-16,-0.035078322768962,-0.0350783227689622
SVD,11,7,7,1,0.1,0,0.1,0.4,0.7,,4,,0.0008127,0.0001873,3.03406512033175e-33,4312,2752,2.35922392732846e-16,0.0891207360061435,0.0891207360061433
SVD,11,7,7,1,0.1,0,0.1,0.4,0.7,,5,,0.00101622,0.00025694,3.00522222017198e-33,4312,3432,2.35922392732846e-16,0.0891207360061435,0.0891207360061433
SVD,11,7,7,1,0.1,0,0.1,0.4,0.7,,6,,0.00084658,0.00024728,3.00854082918131e-33,4312,4112,2.35922392732846e-16,0.0891207360061435,0.0891207360061433
ZFP,11,7,7,1,0.1,0,0.1,0.4,1,1,,,5.86e-06,4.56e-06,0.00600552840174101,4312,140,0.289942508768741,0.0946300087687414,-0.1953125
ZFP,11,7,7,1,0.1,0,0.1,0.4,1,2,,,6.16e-06,3.2e-06,0.00275616169038892,4312,236,0.330105184581163,0.0898708095811627,-0.240234375
ZFP,11,7,7,1,0.1,0,0.1,0.4,1,3,,,6.34e-06,4.16e-06,0.000886560251401904,4312,332,0.131529205670515,-0.0442520443294853,-0.17578125
ZFP,11,7,7,1,0.1,0,0.1,0.4,1,4,,,7.2e-06,4.22e-06,0.000245128188447485,4312,428,0.0702914167400847,0.0793667863849153,0.149658203125
ZFP,11,7,7,1,0.1,0,0.1,0.4,1,5,,,7.3e-06,4.52e-06,7.32147940672474e-05,4312,524,0.0414413150455147,-0.0442520443294853,-0.085693359375
ZFP,11,7,7,1,0.1,0,0.1,0.4,1,6,,,7.56e-06,5.08e-06,1.8398178391846e-05,4312,620,0.0188985398911246,-0.00830894028174964,0.010589599609375
ZFP,11,7,7,1,0.1,0,0.1,0.4,1,7,,,1.496e-05,9.72e-06,4.72036916210649e-06,4312,716,0.00927578770176471,-0.0442520443294853,-0.05352783203125
ZFP,11,7,7,1,0.1,0,0.1,0.4,1,8,,,1.364e-05,9.68e-06,1.17828903124219e-06,4312,812,0.00507272829404672,0.074570521217672,0.0796432495117188
ZFP,11,7,7,1,0.1,0,0.1,0.4,1,9,,,1.322e-05,9.42e-06,2.92549683591406e-07,4312,908,0.00268017612949908,-0.0442520443294853,-0.0469322204589844
ZFP,11,7,7,1,0.1,0,0.1,0.4,1,10,,,1.332e-05,9e-06,6.98220379481109e-08,4312,1004,0.00140680422178109,0.074570521217672,0.0759773254394531
ZFP,11,7,7,1,0.1,0,0.1,0.4,1,11,,,1.43e-05,9.4e-06,1.7902992696318e-08,4312,1100,0.000706070294538147,-0.0442520443294853,-0.0449581146240234
ZFP,11,7,7,1,0.1,0,0.1,0.4,1,12,,,1.094e-05,7.42e-06,4.62717098949855e-09,4312,1196,0.00029887447323898,0.0793667863849153,0.0796656608581543
ZFP,11,7,7,1,0.1,0,0.1,0.4,1,13,,,1.068e-05,7.42e-06,1.04150645174731e-09,4312,1292,0.000136249890485413,-0.0442520443294853,-0.0443882942199707
ZFP,11,7,7,1,0.1,0,0.1,0.4,1,14,,,1.098e-05,7.64e-06,3.24465290458024e-10,4312,1388,9.33562695105833e-05,0.074570521217672,0.0746638774871826
ZFP,11,7,7,1,0.1,0,0.1,0.4,1,15,,,1.192e-05,8.68e-06,6.52893815084789e-11,4312,1484,3.18054522708139e-05,-0.0977530117665097,-0.0977848172187805
ZFP,11,7,7,1,0.1,0,0.1,0.4,1,16,,,1.224e-05,9.7e-06,1.82519936699608e-11,4312,1580,2.23685261259432e-05,0.0793667863849153,0.0793891549110413
ZFP,11,7,7,1,0.1,0,0.1,0.4,1,17,,,1.356e-05,1.062e-05,4.58932072498572e-12,4312,1676,7.47228634270618e-06,-0.00830894028174964,-0.00831641256809235
ZFP,11,7,7,1,0.1,0,0.1,0.4,1,18,,,1.262e-05,9.64e-06,1.18487691454315e-12,4312,1772,5.54955943524171e-06,-0.0442520443294853,-0.04424649477005
ZFP,11,7,7,1,0.1,0,0.1,0.4,1,19,,,1.32e-05,1.024e-05,2.69653062859432e-13,4312,1868,2.45308313270853e-06,0.0793667863849153,0.0793643333017826
ZFP,11,7,7,1,0.1,0,0.1,0.4,1,20,,,1.312e-05,1.054e-05,7.46318234055191e-14,4312,1964,1.62844649155558e-06,0.074570521217672,0.0745721496641636
ZFP,11,7,7,1,0.1,0,0.1,0.4,1,21,,,1.462e-05,1.08e-05,1.61657440583569e-14,4312,2060,5.43246387567017e-07,-0.00830894028174964,-0.00830948352813721
ZFP,11,7,7,1,0.1,0,0.1,0.4,1,22,,,1.532e-05,1.104e-05,4.18802928573989e-15,4312,2156,2.95409590874221e-07,-0.00830894028174964,-0.00830864487215877
ZFP,11,7,7,1,0.1,0,0.1,0.4,1,23,,,1.44e-05,1.224e-05,1.08220235227617e-15,4312,2252,2.13697487122522e-07,-0.0442520443294853,-0.0442522580269724
ZFP,11,7,7,1,0.1,0,0.1,0.4,1,24,,,1.53e-05,1.212e-05,2.71941924879953e-16,4312,2348,8.58270620268664e-08,0.074570521217672,0.0745706070447341
ZFP,11,7,7,1,0.1,0,0.1,0.4,1,25,,,1.534e-05,1.286e-05,6.83625294708145e-17,4312,2444,3.44332892546206e-08,-0.0611857890942719,-0.0611857546609826
ZFP,11,7,7,1,0.1,0,0.1,0.4,1,26,,,1.578e-05,1.294e-05,1.72143814822886e-17,4312,2540,1.74680100124142e-08,-0.00830894028174964,-0.00830892281373963
ZFP,11,7,7,1,0.1,0,0.1,0.4,1,27,,,1.74e-05,1.422e-05,4.22166207299473e-18,4312,2636,9.10378719458371e-09,-0.00830894028174964,-0.00830894938553683
ZFP,11,7,7,1,0.1,0,0.1,0.4,1,28,,,1.686e-05,1.488e-05,1.03344028725984e-18,4312,2732,4.14716185004327e-09,0.074570521217672,0.0745705253648339
ZFP,11,7,7,1,0.1,0,0.1,0.4,1,29,,,1.852e-05,1.656e-05,2.6313641386925e-19,4312,2828,2.26179683315841e-09,-0.0442520443294853,-0.0442520465912821
ZFP,11,7,7,1,0.1,0,0.1,0.4,1,30,,,1.966e-05,1.656e-05,6.5057103109801e-20,4312,2924,1.05371480985106e-09,0.0793667863849153,0.0793667874386301
ZFP,11,7,7,1,0.1,0,0.1,0.4,1,31,,,1.754e-05,1.672e-05,1.64403109208437e-20,4312,3020,6.66543126248698e-10,-0.0442520443294853,-0.0442520449960284
ZFP,11,7,7,1,0.1,0,0.1,0.4,1,32,,,1.924e-05,1.576e-05,4.39292072212604e-21,4312,3116,2.95451788034917e-10,0.074570521217672,0.0745705215131238
ZFP,11,7,7,1,0.1,0,0.1,0.4,1,33,,,1.912e-05,1.802e-05,9.66109432989256e-22,4312,3212,1.77234976694862e-10,-0.0442520443294853,-0.0442520445067203
ZFP,11,7,7,1,0.1,0,0.1,0.4,1,34,,,2.002e-05,1.816e-05,2.47790595829216e-22,4312,3308,7.70593727716928e-11,0.074570521217672,0.0745705212947314
ZFP,11,7,7,1,0.1,0,0.1,0.4,1,35,,,2.022e-05,1.736e-05,7.12054641466146e-23,4312,3404,4.53014015189268e-11,-0.0442520443294853,-0.0442520443747867
ZFP,11,7,7,1,0.1,0,0.1,0.4,1,36,,,2.982e-05,2.324e-05,1.69656624163582e-23,4312,3500,1.76295783527181e-11,0.074570521217672,0.0745705212353016
ZFP,11,7,7,1,0.1,0,0.1,0.4,1,37,,,2.104e-05,1.778e-05,4.39354063613907e-24,4312,3596,9.37636079889614e-12,-0.0442520443294853,-0.0442520443388617
ZFP,11,7,7,1,0.1,0,0.1,0.4,1,38,,,2.112e-05,1.72e-05,1.04811668959006e-24,4312,3692,3.81662756954171e-12,0.074570521217672,0.0745705212214887
ZFP,11,7,7,1,0.1,0,0.1,0.4,1,39,,,2.216e-05,1.804e-05,2.49678432848118e-25,4312,3788,2.17856288564633e-12,-0.0442520443294853,-0.0442520443316639
ZFP,11,7,7,1,0.1,0,0.1,0.4,1,40,,,2.242e-05,1.866e-05,7.20633020788863e-26,4312,3884,1.53019437398871e-12,-0.00830894028174964,-0.00830894028021945
ZFP,11,7,7,1,0.1,0,0.1,0.4,1,41,,,2.246e-05,1.786e-05,1.37592721378463e-26,4312,3980,5.47881184864707e-13,0.074570521217672,0.0745705212171242
ZFP,11,7,7,1,0.1,0,0.1,0.4,1,42,,,2.288e-05,1.818e-05,4.53147089392067e-27,4312,4076,3.26766391722799e-13,0.0793667863849153,0.0793667863852421
ZFP,11,7,7,1,0.1,0,0.1,0.4,1,43,,,2.292e-05,1.892e-05,9.49776070269188e-28,4312,4172,1.60413349270527e-13,0.074570521217672,0.0745705212175116
ZFP,11,7,7,1,0.1,0,0.1,0.4,1,44,,,2.202e-05,1.958e-05,2.49705032834566e-28,4312,4268,6.37545571890996e-14,-0.0442520443294853,-0.0442520443294215
SVD,11,7,7,1,0.1,0,0.1,0.4,1,,1,,0.0008284,0.00011,0.0019996739136967,4312,712,0.091120049228506,0.0902171833756293,-0.00090286585287664
SVD,11,7,7,1,0.1,0,0.1,0.4,1,,2,,0.00081856,0.00012928,1.01050780849942e-33,4312,1392,1.38777878078145e-16,-0.0958924274663139,-0.0958924274663137
SVD,11,7,7,1,0.1,0,0.1,0.4,1,,3,,0.00079964,0.00016282,1.03361126670841e-33,4312,2072,2.22044604925031e-16,-0.0958924274663139,-0.0958924274663136
SVD,11,7,7,1,0.1,0,0.1,0.4,1,,4,,0.00078678,0.00017618,9.92780132396192e-34,4312,2752,2.22044604925031e-16,-0.0958924274663139,-0.0958924274663136
SVD,11,7,7,1,0.1,0,0.1,0.4,1,,5,,0.00089166,0.0002227,9.9076979715948e-34,4312,3432,2.4980018054066e-16,-0.0958924274663139,-0.0958924274663136
SVD,11,7,7,1,0.1,0,0.1,0.4,1,,6,,0.00131256,0.0003785,1.00332442576707e-33,4312,4112,2.4980018054066e-16,-0.0958924274663139,-0.0958924274663136
ZFP,11,7,7,1,0.1,0,0.1,0.7,0.1,1,,,7.9e-06,3.96e-06,0.0102263122244581,4312,140,0.337347707388952,-0.0951602073889516,0.2421875
ZFP,11,7,7,1,0.1,0,0.1,0.7,0.1,2,,,6.18e-06,4.3e-06,0.00206008429771717,4312,236,0.337710343674946,-0.0916165936749455,0.24609375
ZFP,11,7,7,1,0.1,0,0.1,0.7,0.1,3,,,7.82e-06,4.76e-06,0.000688340171342736,4312,332,0.100489383768741,0.0946300087687414,-0.005859375
ZFP,11,7,7,1,0.1,0,0.1,0.7,0.1,4,,,1.28e-05,6.98e-06,0.00022575961397392,4312,428,0.0628448706374333,-0.0982452612624333,-0.035400390625
ZFP,11,7,7,1,0.1,0,0.1,0.7,0.1,5,,,1.012e-05,6.34e-06,6.98018609164738e-05,4312,524,0.0444857651077732,-0.0925814682327732,-0.048095703125
ZFP,11,7,7,1,0.1,0,0.1,0.7,0.1,6,,,1.066e-05,6.74e-06,1.81232353920936e-05,4312,620,0.0191501693453781,0.0991664810452469,0.118316650390625
ZFP,11,7,7,1,0.1,0,0.1,0.7,0.1,7,,,1.17e-05,7.72e-06,4.33657779353531e-06,4312,716,0.00838284821871551,0.0334988150155905,0.025115966796875
ZFP,11,7,7,1,0.1,0,0.1,0.7,0.1,8,,,1.32e-05,8.68e-06,1.24416317078956e-06,4312,812,0.00520837026921034,0.0841470984807897,0.08935546875
ZFP,11,7,7,1,0.1,0,0.1,0.7,0.1,9,,,1.3e-05,8.8e-06,2.91652674685241e-07,4312,908,0.00226172640657499,0.0991664810452469,0.0969047546386719
ZFP,11,7,7,1,0.1,0,0.1,0.7,0.1,10,,,1.364e-05,9.76e-06,8.71470230235931e-08,4312,1004,0.00152436062955782,0.0991664810452469,0.100690841674805
ZFP,11,7,7,1,0.1,0,0.1,0.7,0.1,11,,,1.494e-05,1.016e-05,2.05063178663503e-08,4312,1100,0.000523701804788904,0.074570521217672,0.0750942230224609
ZFP,11,7,7,1,0.1,0,0.1,0.7,0.1,12,,,1.608e-05,1.18e-05,4.85379385772129e-09,4312,1196,0.000275524112223841,0.0991664810452469,0.0994420051574707
ZFP,11,7,7,1,0.1,0,0.1,0.7,0.1,13,,,1.56e-05,1.254e-05,1.15681291236524e-09,4312,1292,0.000156967190266394,0.0991664810452469,0.0990095138549805
ZFP,11,7,7,1,0.1,0,0.1,0.7,0.1,14,,,1.688e-05,1.134e-05,3.37516913100562e-10,4312,1388,8.21125190717115e-05,0.0963558185417193,0.096437931060791
ZFP,11,7,7,1,0.1,0,0.1,0.7,0.1,15,,,1.788e-05,1.376e-05,8.25733223185243e-11,4312,1484,3.87448563411302e-05,-0.0982452612624333,-0.0982840061187744
ZFP,11,7,7,1,0.1,0,0.1,0.7,0.1,16,,,1.858e-05,1.262e-05,2.04695148284102e-11,4312,1580,2.22444394257018e-05,-0.0611857890942719,-0.0611635446548462
ZFP,11,7,7,1,0.1,0,0.1,0.7,0.1,17,,,1.866e-05,1.372e-05,5.31597410890385e-12,4312,1676,9.22621121257627e-06,-0.0925814682327732,-0.0925722420215607
ZFP,11,7,7,1,0.1,0,0.1,0.7,0.1,18,,,1.894e-05,1.422e-05,1.28129266197829e-12,4312,1772,5.13635383678213e-06,-0.0631266637872322,-0.0631215274333954
ZFP,11,7,7,1,0.1,0,0.1,0.7,0.1,19,,,2.35e-05,1.858e-05,3.49393140052807e-13,4312,1868,2.35718402147311e-06,0.0841470984807897,0.0841447412967682
ZFP,11,7,7,1,0.1,0,0.1,0.7,0.1,20,,,2.186e-05,1.466e-05,7.16087638341668e-14,4312,1964,1.12481677458365e-06,0.0991664810452469,0.0991676058620214
ZFP,11,7,7,1,0.1,0,0.1,0.7,0.1,21,,,2.164e-05,1.484e-05,2.09511057343293e-14,4312,2060,5.56329264031485e-07,0.0963558185417193,0.0963552622124553
ZFP,11,7,7,1,0.1,0,0.1,0.7,0.1,22,,,2.258e-05,1.554e-05,4.53728359518693e-15,4312,2156,2.49373554445098e-07,0.0991664810452469,0.0991667304188013
ZFP,11,7,7,1,0.1,0,0.1,0.7,0.1,23,,,2.13e-05,1.592e-05,1.18045910266095e-15,4312,2252,1.39096750603751e-07,0.0963558185417193,0.0963556794449687
ZFP,11,7,7,1,0.1,0,0.1,0.7,0.1,24,,,2.212e-05,1.722e-05,2.96694479999483e-16,4312,2348,7.69624628194077e-08,0.0991664810452469,0.0991665580077097
ZFP,11,7,7,1,0.1,0,0.1,0.7,0.1,25,,,2.574e-05,2.184e-05,9.04209380158585e-17,4312,2444,4.10244658521908e-08,0.0991664810452469,0.099166440020781
ZFP,11,7,7,1,0.1,0,0.1,0.7,0.1,26,,,2.454e-05,1.702e-05,1.81004115448355e-17,4312,2540,1.67572287990136e-08,-0.0631266637872322,-0.0631266470300034
ZFP,11,7,7,1,0.1,0,0.1,0.7,0.1,27,,,2.446e-05,1.842e-05,5.11601010857232e-18,4312,2636,1.23717447675364e-08,0.0991664810452469,0.0991664686735021
ZFP,11,7,7,1,0.1,0,0.1,0.7,0.1,28,,,2.656e-05,2.1e-05,1.23419552793133e-18,4312,2732,4.64044563885935e-09,0.0946300087687414,0.0946300134091871
ZFP,11,7,7,1,0.1,0,0.1,0.7,0.1,29,,,2.544e-05,1.83e-05,2.97206487763374e-19,4312,2828,2.60121267581237e-09,-0.0982452612624333,-0.098245263863646
ZFP,11,7,7,1,0.1,0,0.1,0.7,0.1,30,,,2.584e-05,1.904e-05,7.80676510270984e-20,4312,2924,1.14665416051096e-09,0.0841470984807897,0.0841470996274438
ZFP,11,7,7,1,0.1,0,0.1,0.7,0.1,31,,,2.612e-05,1.948e-05,1.86286004794403e-20,4312,3020,6.07600289526111e-10,-0.0982452612624333,-0.0982452618700336
ZFP,11,7,7,1,0.1,0,0.1,0.7,0.1,32,,,2.698e-05,2.016e-05,4.73247952587313e-21,4312,3116,2.45675230159392e-10,0.0991664810452469,0.0991664812909221
ZFP,11,7,7,1,0.1,0,0.1,0.7,0.1,33,,,3.078e-05,2.33e-05,1.07901388462803e-21,4312,3212,1.17186982340201e-10,-0.0977530117665097,-0.0977530118836967
ZFP,11,7,7,1,0.1,0,0.1,0.7,0.1,34,,,2.918e-05,2.37e-05,3.23770671460574e-22,4312,3308,7.8514181267586e-11,-0.081827711106441,-0.0818277110279269
ZFP,11,7,7,1,0.1,0,0.1,0.7,0.1,35,,,2.958e-05,2.374e-05,6.22468155259244e-23,4312,3404,2.75710843045118e-11,0.0991664810452469,0.0991664810176758
ZFP,11,7,7,1,0.1,0,0.1,0.7,0.1,36,,,2.018e-05,1.648e-05,1.95072396195667e-23,4312,3500,1.94876684234124e-11,-0.0611857890942719,-0.0611857890747842
ZFP,11,7,7,1,0.1,0,0.1,0.7,0.1,37,,,2.018e-05,1.716e-05,4.34942010188514e-24,4312,3596,1.01191138801582e-11,-0.0982452612624333,-0.0982452612725524
ZFP,11,7,7,1,0.1,0,0.1,0.7,0.1,38,,,2.004e-05,1.662e-05,1.16908318500675e-24,4312,3692,4.76571559993033e-12,0.0991664810452469,0.0991664810500126
ZFP,11,7,7,1,0.1,0,0.1,0.7,0.1,39,,,2.022e-05,1.738e-05,2.83168364906533e-25,4312,3788,2.64192834276145e-12,0.0963558185417193,0.0963558185390774
ZFP,11,7,7,1,0.1,0,0.1,0.7,0.1,40,,,2.114e-05,1.712e-05,7.45294955411713e-26,4312,3884,1.04703745673618e-12,-0.0982452612624333,-0.0982452612613862
ZFP,11,7,7,1,0.1,0,0.1,0.7,0.1,41,,,2.158e-05,1.82e-05,1.86188277063497e-26,4312,3980,6.34901853313607e-13,-0.0611857890942719,-0.0611857890949068
ZFP,11,7,7,1,0.1,0,0.1,0.7,0.1,42,,,2.136e-05,1.79e-05,4.67347154156405e-27,4312,4076,3.51677020837826e-13,0.0963558185417193,0.096355818542071
ZFP,11,7,7,1,0.1,0,0.1,0.7,0.1,43,,,2.27e-05,1.88e-05,1.17215585828942e-27,4312,4172,1.77663439515641e-13,0.0991664810452469,0.0991664810450692
ZFP,11,7,7,1,0.1,0,0.1,0.7,0.1,44,,,2.314e-05,1.882e-05,2.9986295539067e-28,4312,4268,6.37684349769074e-14,0.0963558185417193,0.0963558185416555
SVD,11,7,7,1,0.1,0,0.1,0.7,0.1,,1,,0.00132724,0.00015602,0.000163619143274775,4312,712,0.0298947869348351,0.0334988150155905,0.00360402808075537
SVD,11,7,7,1,0.1,0,0.1,0.7,0.1,,2,,0.00095648,0.0001392,6.49107788606622e-33,4312,1392,1.52655665885959e-16,0.0999573603041505,0.0999573603041504
SVD,11,7,7,1,0.1,0,0.1,0.7,0.1,,3,,0.00092898,0.00017412,6.50212332942756e-33,4312,2072,1.52655665885959e-16,0.0991664810452469,0.0991664810452467
